{"cameraMode":{"drawMode":0,"name":"Shaded","section":"Shading Mode"},"sceneLighting":true,"audioPlay":false,"sceneViewState":{"showFog":true,"showMaterialUpdate":false,"showSkybox":true,"showFlares":true,"showImageEffects":true,"showParticleSystems":true},"in2DMode":false,"pivot":{"x":-1.3918635845184327,"y":-0.45552438497543337,"z":1.1810333728790284},"rotation":{"x":0.35585078597068789,"y":-0.1339097023010254,"z":0.05160156264901161,"w":0.9234585762023926},"size":23.62346839904785,"orthographic":false}